Symbol,Company,CurrentPrice,OneMonthPct,ThreeMonthPct,SixMonthPct,OneYearPct,DataAsOf
META,"Meta Platforms, Inc.",728.08,22.81,21.29,26.74,1.5,2026-10-03 09:44:17
AAPL,Apple Inc.,333.69,2.69,6.73,30.39,30.63,2026-10-03 09:44:18
MSFT,Microsoft Corporation,517.53,4.17,33.82,38.58,-0.42,2026-10-03 09:44:18
GOOGL,Alphabet Inc.,343.5,1.89,-6.27,16.14,40.26,2026-10-03 09:44:18
AMZN,"Amazon.com, Inc.",251.52,-1.36,3.01,19.9,14.0,2026-10-03 09:44:19
NVDA,NVIDIA Corporation,233.95,4.25,19.64,31.88,24.95,2026-10-03 09:44:19
TSLA,"Tesla, Inc.",370.59,3.8,-11.72,2.77,-19.34,2026-10-03 09:44:20
SHOP,Shopify Inc.,151.39,6.71,26.01,28.03,1.22,2026-10-03 09:44:20
AMD,"Advanced Micro Devices, Inc.",633.91,38.69,14.83,191.45,286.51,2026-10-03 09:44:20
